{
  "best_global_step": null,
  "best_metric": null,
  "best_model_checkpoint": null,
  "epoch": 2.7027027027027026,
  "eval_steps": 500,
  "global_step": 100,
  "is_hyper_param_search": false,
  "is_local_process_zero": true,
  "is_world_process_zero": true,
  "log_history": [
    {
      "clip_ratio/high_max": 0.0,
      "clip_ratio/high_mean": 0.0,
      "clip_ratio/low_mean": 0.0,
      "clip_ratio/low_min": 0.0,
      "clip_ratio/region_mean": 0.0,
      "completions/clipped_ratio": 1.0,
      "completions/max_length": 48.0,
      "completions/max_terminated_length": 0.0,
      "completions/mean_length": 48.0,
      "completions/mean_terminated_length": 0.0,
      "completions/min_length": 48.0,
      "completions/min_terminated_length": 0.0,
      "entropy": 3.6511854782700537,
      "epoch": 0.2702702702702703,
      "grad_norm": 143.25657653808594,
      "kl": 0.0001993191262727123,
      "learning_rate": 2.7000000000000002e-05,
      "loss": 0.0183,
      "num_tokens": 38736.0,
      "reward": -0.35344819650053977,
      "reward_std": 1.181212466955185,
      "rewards/combined_reward/mean": -0.3529698345810175,
      "rewards/combined_reward/std": 1.7059234380722046,
      "step": 10,
      "step_time": 6.983415443563717
    },
    {
      "clip_ratio/high_max": 0.034375,
      "clip_ratio/high_mean": 0.034375,
      "clip_ratio/low_mean": 0.021875,
      "clip_ratio/low_min": 0.021875,
      "clip_ratio/region_mean": 0.05625,
      "completions/clipped_ratio": 1.0,
      "completions/max_length": 48.0,
      "completions/max_terminated_length": 0.0,
      "completions/mean_length": 48.0,
      "completions/mean_terminated_length": 0.0,
      "completions/min_length": 48.0,
      "completions/min_terminated_length": 0.0,
      "entropy": 3.6311332508921623,
      "epoch": 0.5405405405405406,
      "grad_norm": 132.86700439453125,
      "kl": 0.002506949242160772,
      "learning_rate": 2.9265847744427305e-05,
      "loss": -0.085,
      "num_tokens": 77560.0,
      "reward": -0.03203019127249718,
      "reward_std": 1.1719146192073822,
      "rewards/combined_reward/mean": -0.02601352147758007,
      "rewards/combined_reward/std": 1.6878508388996125,
      "step": 20,
      "step_time": 11.3531782534963
    },
    {
      "clip_ratio/high_max": 0.071875,
      "clip_ratio/high_mean": 0.071875,
      "clip_ratio/low_mean": 0.04375,
      "clip_ratio/low_min": 0.04375,
      "clip_ratio/region_mean": 0.115625,
      "completions/clipped_ratio": 1.0,
      "completions/max_length": 48.0,
      "completions/max_terminated_length": 0.0,
      "completions/mean_length": 48.0,
      "completions/mean_terminated_length": 0.0,
      "completions/min_length": 48.0,
      "completions/min_terminated_length": 0.0,
      "entropy": 3.647297163307667,
      "epoch": 0.8108108108108109,
      "grad_norm": 97.85143280029297,
      "kl": 0.008333762595430016,
      "learning_rate": 2.6820161304100828e-05,
      "loss": -0.067,
      "num_tokens": 116344.0,
      "reward": -0.035033244639635086,
      "reward_std": 1.1888600021600724,
      "rewards/combined_reward/mean": -0.015032200515270234,
      "rewards/combined_reward/std": 1.7725484788417816,
      "step": 30,
      "step_time": 11.726784101953672
    },
    {
      "clip_ratio/high_max": 0.0625,
      "clip_ratio/high_mean": 0.0625,
      "clip_ratio/low_mean": 0.071875,
      "clip_ratio/low_min": 0.071875,
      "clip_ratio/region_mean": 0.134375,
      "completions/clipped_ratio": 1.0,
      "completions/max_length": 48.0,
      "completions/max_terminated_length": 0.0,
      "completions/mean_length": 48.0,
      "completions/mean_terminated_length": 0.0,
      "completions/min_length": 48.0,
      "completions/min_terminated_length": 0.0,
      "entropy": 3.6446711122989655,
      "epoch": 1.0810810810810811,
      "grad_norm": 151.84922790527344,
      "kl": 0.018734555505216122,
      "learning_rate": 2.2948788963498073e-05,
      "loss": -0.0335,
      "num_tokens": 155064.0,
      "reward": 0.3945992484688759,
      "reward_std": 1.1690809667110442,
      "rewards/combined_reward/mean": 0.4395621784031391,
      "rewards/combined_reward/std": 1.6435652077198029,
      "step": 40,
      "step_time": 8.659317373353407
    },
    {
      "clip_ratio/high_max": 0.084375,
      "clip_ratio/high_mean": 0.084375,
      "clip_ratio/low_mean": 0.06875,
      "clip_ratio/low_min": 0.06875,
      "clip_ratio/region_mean": 0.153125,
      "completions/clipped_ratio": 1.0,
      "completions/max_length": 48.0,
      "completions/max_terminated_length": 0.0,
      "completions/mean_length": 48.0,
      "completions/mean_terminated_length": 0.0,
      "completions/min_length": 48.0,
      "completions/min_terminated_length": 0.0,
      "entropy": 3.610748067498207,
      "epoch": 1.3513513513513513,
      "grad_norm": 141.62474060058594,
      "kl": 0.02779524801298976,
      "learning_rate": 1.8118675362266388e-05,
      "loss": 0.046,
      "num_tokens": 193968.0,
      "reward": 0.6125060372054577,
      "reward_std": 1.0569230675697328,
      "rewards/combined_reward/mean": 0.6792146358639002,
      "rewards/combined_reward/std": 1.7618373572826385,
      "step": 50,
      "step_time": 12.159049331001006
    },
    {
      "clip_ratio/high_max": 0.128125,
      "clip_ratio/high_mean": 0.128125,
      "clip_ratio/low_mean": 0.0875,
      "clip_ratio/low_min": 0.0875,
      "clip_ratio/region_mean": 0.215625,
      "completions/clipped_ratio": 1.0,
      "completions/max_length": 48.0,
      "completions/max_terminated_length": 0.0,
      "completions/mean_length": 48.0,
      "completions/mean_terminated_length": 0.0,
      "completions/min_length": 48.0,
      "completions/min_terminated_length": 0.0,
      "entropy": 3.5751807734370233,
      "epoch": 1.6216216216216215,
      "grad_norm": 156.67523193359375,
      "kl": 0.03901410354301334,
      "learning_rate": 1.2912403485599022e-05,
      "loss": 0.0748,
      "num_tokens": 232728.0,
      "reward": 0.6473416835069656,
      "reward_std": 1.13930584192276,
      "rewards/combined_reward/mean": 0.7409755468368531,
      "rewards/combined_reward/std": 1.7308722019195557,
      "step": 60,
      "step_time": 11.412311268963094
    },
    {
      "clip_ratio/high_max": 0.0875,
      "clip_ratio/high_mean": 0.0875,
      "clip_ratio/low_mean": 0.13125,
      "clip_ratio/low_min": 0.13125,
      "clip_ratio/region_mean": 0.21875,
      "completions/clipped_ratio": 1.0,
      "completions/max_length": 48.0,
      "completions/max_terminated_length": 0.0,
      "completions/mean_length": 48.0,
      "completions/mean_terminated_length": 0.0,
      "completions/min_length": 48.0,
      "completions/min_terminated_length": 0.0,
      "entropy": 3.5732028037309647,
      "epoch": 1.8918918918918919,
      "grad_norm": 126.61675262451172,
      "kl": 0.04960192423313856,
      "learning_rate": 7.957926558211643e-06,
      "loss": 0.0806,
      "num_tokens": 271680.0,
      "reward": 0.9710639357566834,
      "reward_std": 1.0577523082494735,
      "rewards/combined_reward/mean": 1.0901085615158081,
      "rewards/combined_reward/std": 1.6970418512821197,
      "step": 70,
      "step_time": 9.570860133490351
    },
    {
      "clip_ratio/high_max": 0.121875,
      "clip_ratio/high_mean": 0.121875,
      "clip_ratio/low_mean": 0.115625,
      "clip_ratio/low_min": 0.115625,
      "clip_ratio/region_mean": 0.2375,
      "completions/clipped_ratio": 1.0,
      "completions/max_length": 48.0,
      "completions/max_terminated_length": 0.0,
      "completions/mean_length": 48.0,
      "completions/mean_terminated_length": 0.0,
      "completions/min_length": 48.0,
      "completions/min_terminated_length": 0.0,
      "entropy": 3.5138489469885825,
      "epoch": 2.1621621621621623,
      "grad_norm": 176.94482421875,
      "kl": 0.055888922326266764,
      "learning_rate": 3.852827617839085e-06,
      "loss": 0.2672,
      "num_tokens": 310352.0,