{
  "best_global_step": null,
  "best_metric": null,
  "best_model_checkpoint": null,
  "epoch": 2.7027027027027026,
  "eval_steps": 500,
  "global_step": 100,
  "is_hyper_param_search": false,
  "is_local_process_zero": true,
  "is_world_process_zero": true,
  "log_history": [
    {
      "clip_ratio/high_max": 0.0,
      "clip_ratio/high_mean": 0.0,
      "clip_ratio/low_mean": 0.0,
      "clip_ratio/low_min": 0.0,
      "clip_ratio/region_mean": 0.0,
      "completions/clipped_ratio": 1.0,
      "completions/max_length": 48.0,
      "completions/max_terminated_length": 0.0,
      "completions/mean_length": 48.0,
      "completions/mean_terminated_length": 0.0,
      "completions/min_length": 48.0,
      "completions/min_terminated_length": 0.0,
      "entropy": 3.641303391754627,
      "epoch": 0.2702702702702703,
      "frac_reward_zero_std": 0.0,
      "grad_norm": 137.580810546875,
      "kl": 0.0002720452202311208,
      "learning_rate": 2.7000000000000002e-05,
      "loss": -0.0406,
      "num_tokens": 38736.0,
      "reward": -0.368642545491457,
      "reward_std": 1.1949081391096115,
      "rewards/combined_reward/mean": -0.3679896157234907,
      "rewards/combined_reward/std": 1.721656185388565,
      "step": 10,
      "step_time": 6.4102197394437095
    },
    {
      "clip_ratio/high_max": 0.028125,
      "clip_ratio/high_mean": 0.028125,
      "clip_ratio/low_mean": 0.01875,
      "clip_ratio/low_min": 0.01875,
      "clip_ratio/region_mean": 0.046875,
      "completions/clipped_ratio": 1.0,
      "completions/max_length": 48.0,
      "completions/max_terminated_length": 0.0,
      "completions/mean_length": 48.0,
      "completions/mean_terminated_length": 0.0,
      "completions/min_length": 48.0,
      "completions/min_terminated_length": 0.0,
      "entropy": 3.6167992845177652,
      "epoch": 0.5405405405405406,
      "frac_reward_zero_std": 0.0,
      "grad_norm": 125.31405639648438,
      "kl": 0.0028277890021854548,
      "learning_rate": 2.9265847744427305e-05,
      "loss": -0.0516,
      "num_tokens": 77560.0,
      "reward": 0.020123568177223206,
      "reward_std": 1.2128786325454712,
      "rewards/combined_reward/mean": 0.02691025733947754,
      "rewards/combined_reward/std": 1.7126759231090545,
      "step": 20,
      "step_time": 7.918649197802006
    },
    {
      "clip_ratio/high_max": 0.090625,
      "clip_ratio/high_mean": 0.090625,
      "clip_ratio/low_mean": 0.06875,
      "clip_ratio/low_min": 0.06875,
      "clip_ratio/region_mean": 0.159375,
      "completions/clipped_ratio": 1.0,
      "completions/max_length": 48.0,
      "completions/max_terminated_length": 0.0,
      "completions/mean_length": 48.0,
      "completions/mean_terminated_length": 0.0,
      "completions/min_length": 48.0,
      "completions/min_terminated_length": 0.0,
      "entropy": 3.6747887402772905,
      "epoch": 0.8108108108108109,
      "frac_reward_zero_std": 0.0,
      "grad_norm": 114.78549194335938,
      "kl": 0.012265005926019512,
      "learning_rate": 2.6820161304100828e-05,
      "loss": 0.0428,
      "num_tokens": 116344.0,
      "reward": 0.11485185995697975,
      "reward_std": 1.1370268911123276,
      "rewards/combined_reward/mean": 0.14428788032382728,
      "rewards/combined_reward/std": 1.7512681126594543,
      "step": 30,
      "step_time": 10.520736662695708
    },
    {
      "clip_ratio/high_max": 0.16875,
      "clip_ratio/high_mean": 0.16875,
      "clip_ratio/low_mean": 0.065625,
      "clip_ratio/low_min": 0.065625,
      "clip_ratio/region_mean": 0.234375,
      "completions/clipped_ratio": 1.0,
      "completions/max_length": 48.0,
      "completions/max_terminated_length": 0.0,
      "completions/mean_length": 48.0,
      "completions/mean_terminated_length": 0.0,
      "completions/min_length": 48.0,
      "completions/min_terminated_length": 0.0,
      "entropy": 3.644056986272335,
      "epoch": 1.0810810810810811,
      "frac_reward_zero_std": 0.0,
      "grad_norm": 109.19261169433594,
      "kl": 0.02831268017180264,
      "learning_rate": 2.2948788963498073e-05,
      "loss": -0.0247,
      "num_tokens": 155064.0,
      "reward": 0.700089618563652,
      "reward_std": 1.1512601673603058,
      "rewards/combined_reward/mean": 0.7680400617420673,
      "rewards/combined_reward/std": 1.6428340673446655,
      "step": 40,
      "step_time": 8.861810647696984
    },
    {
      "clip_ratio/high_max": 0.165625,
      "clip_ratio/high_mean": 0.165625,
      "clip_ratio/low_mean": 0.0625,
      "clip_ratio/low_min": 0.0625,
      "clip_ratio/region_mean": 0.228125,
      "completions/clipped_ratio": 1.0,
      "completions/max_length": 48.0,
      "completions/max_terminated_length": 0.0,
      "completions/mean_length": 48.0,
      "completions/mean_terminated_length": 0.0,
      "completions/min_length": 48.0,
      "completions/min_terminated_length": 0.0,
      "entropy": 3.641718176007271,
      "epoch": 1.3513513513513513,
      "frac_reward_zero_std": 0.0,
      "grad_norm": 120.74810791015625,
      "kl": 0.05151811223477125,
      "learning_rate": 1.8118675362266388e-05,
      "loss": -0.0315,
      "num_tokens": 193968.0,
      "reward": 0.9453809499740601,
      "reward_std": 1.0051782846450805,
      "rewards/combined_reward/mean": 1.0690244257450103,
      "rewards/combined_reward/std": 1.6665206670761108,
      "step": 50,
      "step_time": 9.451721187601652
    },
    {
      "clip_ratio/high_max": 0.159375,
      "clip_ratio/high_mean": 0.159375,
      "clip_ratio/low_mean": 0.059375,
      "clip_ratio/low_min": 0.059375,
      "clip_ratio/region_mean": 0.21875,
      "completions/clipped_ratio": 1.0,
      "completions/max_length": 48.0,
      "completions/max_terminated_length": 0.0,
      "completions/mean_length": 48.0,
      "completions/mean_terminated_length": 0.0,
      "completions/min_length": 48.0,
      "completions/min_terminated_length": 0.0,
      "entropy": 3.594994494318962,
      "epoch": 1.6216216216216215,
      "frac_reward_zero_std": 0.0,
      "grad_norm": 125.9221420288086,
      "kl": 0.07110311500728131,
      "learning_rate": 1.2912403485599022e-05,
      "loss": 0.0506,
      "num_tokens": 232728.0,
      "reward": 1.06580241471529,
      "reward_std": 1.016377329826355,
      "rewards/combined_reward/mean": 1.2364498883485795,
      "rewards/combined_reward/std": 1.6165724515914917,
      "step": 60,
      "step_time": 8.723745818449242
    },
    {
      "clip_ratio/high_max": 0.171875,
      "clip_ratio/high_mean": 0.171875,
      "clip_ratio/low_mean": 0.096875,
      "clip_ratio/low_min": 0.096875,
      "clip_ratio/region_mean": 0.26875,
      "completions/clipped_ratio": 1.0,
      "completions/max_length": 48.0,
      "completions/max_terminated_length": 0.0,
      "completions/mean_length": 48.0,
      "completions/mean_terminated_length": 0.0,
      "completions/min_length": 48.0,
      "completions/min_terminated_length": 0.0,
      "entropy": 3.6090243428945543,
      "epoch": 1.8918918918918919,
      "frac_reward_zero_std": 0.0,
      "grad_norm": 137.38751220703125,
      "kl": 0.09470485039055347,
      "learning_rate": 7.957926558211643e-06,
      "loss": -0.042,
      "num_tokens": 271680.0,
      "reward": 1.4205817043781281,
      "reward_std": 0.9399815559387207,
      "rewards/combined_reward/mean": 1.647873342037201,
      "rewards/combined_reward/std": 1.504215270280838,
      "step": 70,
      "step_time": 8.847416006697312
    },
    {
      "clip_ratio/high_max": 0.178125,
      "clip_ratio/high_mean": 0.178125,
      "clip_ratio/low_mean": 0.103125,
      "clip_ratio/low_min": 0.103125,
      "clip_ratio/region_mean": 0.28125,
      "completions/clipped_ratio": 1.0,
      "completions/max_length": 48.0,
      "completions/max_terminated_length": 0.0,
      "completions/mean_length": 48.0,
      "completions/mean_terminated_length": 0.0,
      "completions/min_length": 48.0,
      "completions/min_terminated_length": 0.0,